series,episodes,premiere,finale,winner,avg_uk_viewers,day_of_week,timeslot,channel,runner_up_1,runner_up_2,season,season_premiere,season_finale,e1_viewers_7day,e1_viewers_28day,e2_viewers_7day,e2_viewers_28day,e3_viewers_7day,e3_viewers_28day,e4_viewers_7day,e4_viewers_28day,e5_viewers_7day,e5_viewers_28day,e6_viewers_7day,e6_viewers_28day,e7_viewers_7day,e7_viewers_28day,e8_viewers_7day,e8_viewers_28day,e9_viewers_7day,e9_viewers_28day,e10_viewers_7day,e10_viewers_28day,e1_uk_airdate,e2_uk_airdate,e3_uk_airdate,e4_uk_airdate,e5_uk_airdate,e6_uk_airdate,e7_uk_airdate,e8_uk_airdate,e9_uk_airdate,e10_uk_airdate
1,6,17-Aug-10,21-Sep-10,Edd Kimber,2.77,Tuesday,20:00:00,BBC Two,Miranda Gore Browne,Ruth Clemens,NA,NA,NA,2.24,NA,3,NA,3,NA,2.6,NA,3.03,NA,2.75,NA,NA,NA,NA,NA,NA,NA,NA,NA,8/17/10,8/24/10,8/31/10,9/7/10,9/14/10,9/21/10,NA,NA,NA,NA
2,8,14-Aug-11,4-Oct-11,Joanne Wheatley,4,Tuesday,20:00:00,BBC Two,Holly Bell,Mary-Anne Boermans,NA,NA,NA,3.1,NA,3.53,NA,3.82,NA,3.6,NA,3.83,NA,4.25,NA,4.42,NA,5.06,NA,NA,NA,NA,NA,8/16/11,8/23/11,8/30/11,9/6/11,9/13/11,9/20/11,9/27/11,10/4/11,NA,NA
3,10,14-Aug-12,16-Oct-12,John Whaite,5,Tuesday,20:00:00,BBC Two,Brendan Lynch,James Morton,NA,NA,NA,3.85,NA,4.6,NA,4.53,NA,4.71,NA,4.61,NA,4.82,NA,5.1,NA,5.35,NA,5.7,NA,6.74,NA,8/14/12,8/21/12,8/28/12,9/4/12,9/11/12,9/18/12,9/25/12,10/2/12,10/9/12,10/16/12
4,10,20-Aug-13,22-Oct-13,Frances Quinn,7.35,Tuesday,20:00:00,BBC Two,Kimberley Wilson,Ruby Tandoh,1,12/28/14,3/1/15,6.6,NA,6.65,NA,7.17,NA,6.82,NA,6.95,NA,7.32,NA,7.76,NA,7.41,NA,7.41,NA,9.45,NA,8/20/13,8/27/13,9/3/13,9/10/13,9/17/13,9/24/13,10/1/13,10/8/13,10/15/13,10/22/13
5,10,6-Aug-14,8-Oct-14,Nancy Birtwhistle,10.04,Wednesday,20:00:00,BBC One,Luis Troyano,Richard Burr,2,9/6/15,11/8/15,8.51,NA,8.79,NA,9.28,NA,10.25,NA,9.95,NA,10.13,NA,10.28,NA,9.023,NA,10.67,NA,13.51,NA,8/6/14,8/13/14,8/20/14,8/27/14,9/3/14,9/10/14,9/17/14,9/24/14,10/1/14,10/8/14
6,10,5-Aug-15,7-Oct-15,Nadiya Hussain,12.5,Wednesday,20:00:00,BBC One,Ian Cumming,Tamal Ray,3,7/1/16,8/12/16,11.62,11.73,11.59,11.84,12.01,NA,12.36,12.67,12.39,12.63,12,12.26,12.35,12.58,11.09,11.35,12.65,12.78,15.05,15.16,8/5/15,8/12/15,8/19/15,8/26/15,9/2/15,9/9/15,9/16/15,9/23/15,9/30/15,10/7/15
7,10,24-Aug-16,26-Oct-16,Candice Brown,13.85,Wednesday,20:00:00,BBC One,Andrew Smyth,Jane Beedle,4,6/16/17,8/4/17,13.58,13.86,13.45,13.74,13.01,13.38,13.29,13.88,13.12,13.33,13.13,13.41,13.45,13.72,13.26,13.45,13.44,13.65,15.9,16.03,8/24/16,8/31/16,9/7/16,9/14/16,9/21/16,9/28/16,10/5/16,10/12/16,10/19/16,10/26/16
8,10,29-Aug-17,31-Oct-17,Sophie Faldo,9.29,Tuesday,20:00:00,Channel 4,Kate Lyon,Steven Carter-Bailey,NA,NA,NA,9.46,9.72,9.23,9.53,8.68,9.06,8.55,8.87,8.61,8.98,8.61,8.91,9.01,9.32,8.95,9.19,9.03,9.16,10.04,10.13,8/29/17,9/5/17,9/12/17,9/19/17,9/26/17,10/3/17,10/10/17,10/17/17,10/24/17,10/31/17